<?xml version="1.0" encoding="utf-8"?>
<LinearLayout xmlns:android="http://schemas.android.com/apk/res/android"
    android:layout_width="match_parent"
    android:layout_height="match_parent"
    android:weightSum="3"
    android:orientation="vertical">

    <LinearLayout
        android:layout_width="match_parent"
        android:layout_height="match_parent"
        android:layout_weight="1"
        android:weightSum="3"
        android:background="#c2fc7e">
        <LinearLayout
            android:layout_width="match_parent"
            android:layout_height="match_parent"
            android:layout_weight="1.5">

            <Button
                android:id="@+id/button2"
                android:layout_width="wrap_content"
                android:layout_height="match_parent"
                android:layout_marginLeft="5dp"
                android:layout_weight="3"
                android:text="버튼1" />
        </LinearLayout>
        <LinearLayout
            android:layout_width="match_parent"
            android:layout_height="match_parent"
            android:weightSum="6"
            android:layout_weight="1.5">

            <Button
                android:id="@+id/button3"
                android:layout_width="wrap_content"
                android:layout_height="wrap_content"
                android:layout_gravity="center"
                android:layout_margin="5dp"
                android:layout_weight="1"
                android:text="버튼" />

            <Button
                android:id="@+id/button4"
                android:layout_width="170dp"
                android:layout_marginRight="5dp"
                android:layout_height="wrap_content"
                android:layout_gravity="center"
                android:layout_weight="5"
                android:text="버튼" />
        </LinearLayout>
    </LinearLayout>
    <LinearLayout
        android:layout_width="match_parent"
        android:layout_height="match_parent"
        android:layout_weight="1"
        android:background="#fff582">

        <Button
            android:id="@+id/button5"
            android:layout_width="wrap_content"
            android:layout_height="wrap_content"
            android:layout_weight="1"
            android:layout_margin="5dp"
            android:backgroundTint="#80ffdb"
            android:text="버튼" />

        <Button
            android:id="@+id/button6"
            android:layout_width="300dp"
            android:layout_height="wrap_content"
            android:layout_weight="1"
            android:layout_margin="5dp"
            android:backgroundTint="#80ddff"
            android:text="버튼" />
    </LinearLayout>
    <LinearLayout
        android:layout_width="match_parent"
        android:layout_height="match_parent"
        android:layout_weight="1"
        android:weightSum="3"
        android:orientation="horizontal"
        android:background="#f53df5">

       <LinearLayout
           android:layout_width="match_parent"
           android:layout_height="match_parent"
           android:layout_weight="1">
       </LinearLayout>
        <LinearLayout
            android:layout_width="match_parent"
            android:layout_height="match_parent"
            android:orientation="vertical"
            android:layout_weight="1">

            <Button
                android:id="@+id/button12"
                android:layout_width="match_parent"
                android:layout_height="wrap_content"
                android:layout_weight="1"
                android:backgroundTint="#fc036f"
                android:text="버튼"
                android:textColor="#ffffff" />

            <Button
                android:id="@+id/button13"
                android:layout_width="match_parent"
                android:layout_height="wrap_content"
                android:layout_weight="1"
                android:backgroundTint="#fc036f"
                android:text="버튼"
                android:textColor="#ffffff" />

            <Button
                android:id="@+id/button14"
                android:layout_width="match_parent"
                android:layout_height="wrap_content"
                android:layout_weight="1"
                android:backgroundTint="#fc036f"
                android:text="버튼"
                android:textColor="#ffffff" />

            <Button
                android:id="@+id/button15"
                android:layout_width="match_parent"
                android:layout_height="wrap_content"
                android:layout_weight="1"
                android:backgroundTint="#fc036f"
                android:text="버튼"
                android:textColor="#ffffff" />
        </LinearLayout>
        <LinearLayout
            android:layout_width="match_parent"
            android:layout_height="match_parent"
            android:layout_weight="1">

            <Button
                android:id="@+id/button16"
                android:layout_width="match_parent"
                android:layout_height="match_parent"
                android:layout_weight="1"
                android:backgroundTint="#ffffff"
                android:textColor="#000000"
                android:text="버튼" />
        </LinearLayout>
    </LinearLayout>
</LinearLayout>