<?xml version="1.0" encoding="utf-8"?>
<LinearLayout xmlns:android="http://schemas.android.com/apk/res/android"
    android:layout_width="match_parent"
    android:layout_height="match_parent"
    android:layout_margin="5dp"
    android:background="#999999"
    android:orientation="vertical"

    android:padding="5dp"
    android:weightSum="3">


    <LinearLayout
        android:layout_width="match_parent"
        android:layout_height="0dp"
        android:layout_weight="1"
        android:background="#112233"
        android:orientation="horizontal"
        android:weightSum="2">

        <LinearLayout

            android:layout_width="0dp"
            android:layout_height="match_parent"
            android:layout_weight="1">

            <Button

                android:layout_width="match_parent"
                android:layout_height="match_parent"
                android:layout_margin="5"
                android:text="버튼" />

        </LinearLayout>

        <LinearLayout
            android:layout_width="0dp"
            android:layout_height="match_parent"
            android:layout_weight="1"
            android:orientation="horizontal"
            android:weightSum="3">


            <LinearLayout


                android:layout_width="0dp"
                android:layout_height="match_parent"
                android:layout_weight="1">

                <Button
                    android:layout_width="match_parent"
                    android:layout_height="wrap_content"
                    android:layout_gravity="center"
                    android:layout_margin="5"
                    android:layout_weight="1"
                    android:text="버튼"
                    android:textSize="11dp" />
            </LinearLayout>

            <LinearLayout


                android:layout_width="0dp"
                android:layout_height="match_parent"
                android:layout_weight="2">

                <Button
                    android:layout_width="match_parent"
                    android:layout_height="wrap_content"
                    android:layout_gravity="center"
                    android:layout_margin="5"
                    android:layout_weight="1"
                    android:text="버튼" />
            </LinearLayout>
        </LinearLayout>


    </LinearLayout>

    <LinearLayout
        android:layout_width="match_parent"
        android:layout_height="0dp"
        android:layout_weight="1"
        android:background="#558844"
        android:weightSum="3">


        <LinearLayout


            android:layout_width="0dp"
            android:layout_height="match_parent"
            android:layout_weight="1">


            <Button
                android:layout_width="match_parent"
                android:layout_height="wrap_content"
                android:layout_margin="5"
                android:text="버튼" />
        </LinearLayout>

        <LinearLayout

            android:layout_width="0dp"
            android:layout_height="match_parent"
            android:layout_weight="2">

            <Button
                android:layout_width="match_parent"
                android:layout_height="wrap_content"
                android:layout_margin="5"
                android:text="버튼" />

        </LinearLayout>


    </LinearLayout>

    <LinearLayout
        android:layout_width="match_parent"
        android:layout_height="0dp"
        android:layout_weight="1"
        android:background="#998877"
        android:orientation="horizontal"
        android:weightSum="3">

        <LinearLayout

            android:layout_width="0dp"
            android:layout_height="match_parent"
            android:layout_weight="1" />

        <LinearLayout
            android:layout_width="0dp"
            android:layout_height="match_parent"
            android:layout_weight="1"

            android:orientation="vertical"
            android:weightSum="4">


            <Button
                android:layout_width="match_parent"
                android:layout_height="wrap_content"
                android:layout_margin="5"
                android:layout_weight="1"
                android:text="버튼" />

            <Button
                android:layout_width="match_parent"
                android:layout_height="wrap_content"
                android:layout_margin="5"
                android:layout_weight="1"
                android:text="버튼" />

            <Button
                android:layout_width="match_parent"
                android:layout_height="wrap_content"
                android:layout_margin="5"
                android:layout_weight="1"
                android:text="버튼" />

            <Button
                android:layout_width="match_parent"
                android:layout_height="wrap_content"
                android:layout_margin="5"
                android:layout_weight="1"
                android:text="버튼" />
        </LinearLayout>

        <LinearLayout

            android:layout_width="0dp"
            android:layout_height="match_parent"
            android:layout_weight="1">

            <Button
                android:layout_width="match_parent"
                android:layout_height="match_parent"
                android:layout_margin="5"
                android:text="버튼" />

        </LinearLayout>


    </LinearLayout>

</LinearLayout>