<?xml version="1.0" encoding="utf-8"?>
<LinearLayout xmlns:android="http://schemas.android.com/apk/res/android"
    android:layout_width="match_parent"
    android:layout_height="match_parent"
    android:weightSum="3"
    android:orientation="vertical">
    <LinearLayout
        android:layout_width="match_parent"
        android:layout_height="0dp"
        android:layout_weight="1"
        android:weightSum="3"
        android:background="#121212"
        android:orientation="horizontal">
        <Button
            android:layout_width="0dp"
            android:layout_height="match_parent"
            android:backgroundTint="#005487"
            android:layout_weight="1.5"
            android:layout_margin="5dp"
            android:text="버튼1"
            android:layout_gravity="center"/>
        <Button
            android:layout_width="0dp"
            android:layout_height="40dp"
            android:backgroundTint="#005487"
            android:layout_weight="0.5"
            android:layout_margin="5dp"
            android:text="버튼2"
            android:layout_gravity="center"/>
        <Button
            android:layout_width="0dp"
            android:layout_height="40dp"
            android:backgroundTint="#005487"
            android:layout_weight="1"
            android:layout_margin="5dp"
            android:text="버튼3"
            android:layout_gravity="center">
        </Button>
    </LinearLayout>
    <LinearLayout
        android:layout_width="match_parent"
        android:layout_height="0dp"
        android:layout_weight="1"
        android:weightSum="3"
        android:background="#124215">
        <Button
            android:layout_width="0dp"
            android:layout_height="40dp"
            android:backgroundTint="#005487"
            android:layout_weight="1"
            android:layout_margin="5dp"
            android:text="버튼4"
            android:layout_gravity="start"/>
        <Button
            android:layout_width="0dp"
            android:layout_height="40dp"
            android:backgroundTint="#005487"
            android:layout_weight="2"
            android:layout_margin="5dp"
            android:text="버튼5"
            android:layout_gravity="start">
        </Button>
    </LinearLayout>
    <LinearLayout
        android:layout_width="match_parent"
        android:layout_height="0dp"
        android:layout_weight="1"
        android:background="#512422"
        android:weightSum="3"
        android:orientation="horizontal">
        <LinearLayout
            android:layout_width="0dp"
            android:layout_height="match_parent"
            android:layout_weight="1"/>
        <LinearLayout
            android:layout_width="0dp"
            android:layout_height="match_parent"
            android:layout_weight="1"
            android:orientation="horizontal"
            android:weightSum="4">

        <LinearLayout
            android:layout_width="match_parent"
            android:layout_height="match_parent"
            android:layout_weight="1"
            android:orientation="vertical">
            <Button
                android:layout_width="match_parent"
                android:layout_height="match_parent"
                android:layout_weight="1"
                android:backgroundTint="#005487"
                android:layout_margin="1dp"
                android:text="버튼6"/>
            <Button
                android:layout_width="match_parent"
                android:layout_height="match_parent"
                android:layout_weight="1"
                android:backgroundTint="#005487"
                android:layout_margin="1dp"
                android:text="버튼7"/>
            <Button
                android:layout_width="match_parent"
                android:layout_height="match_parent"
                android:layout_weight="1"
                android:backgroundTint="#005487"
                android:layout_margin="1dp"
                android:text="버튼8"/>
            <Button
                android:layout_width="match_parent"
                android:layout_height="match_parent"
                android:layout_weight="1"
                android:backgroundTint="#005487"
                android:layout_margin="1dp"
                android:text="버튼9"/>
        </LinearLayout>
        </LinearLayout>
        <LinearLayout
            android:layout_width="0dp"
            android:layout_height="match_parent"
            android:layout_weight="1">
            <Button
                android:layout_width="match_parent"
                android:layout_height="match_parent"
                android:backgroundTint="@color/white"
                android:text="버튼10"
                android:textColor="@color/black">

            </Button>
        </LinearLayout>
    </LinearLayout>
</LinearLayout>